{"cameraMode":{"drawMode":0,"name":"Shaded","section":"Shading Mode"},"sceneLighting":false,"audioPlay":false,"sceneViewState":{"m_AlwaysRefresh":false,"showFog":true,"showSkybox":false,"showFlares":true,"showImageEffects":true,"showParticleSystems":true,"showVisualEffectGraphs":true,"m_FxEnabled":true},"in2DMode":false,"pivot":{"x":1.3488788604736329,"y":0.4515889883041382,"z":-0.4999784231185913},"rotation":{"x":0.04022390767931938,"y":-0.959237277507782,"z":0.21440106630325318,"w":0.17991536855697633},"size":1.2379295825958253,"orthographic":false}