{"cameraMode":{"drawMode":0,"name":"Shaded","section":"Shading Mode"},"sceneLighting":false,"audioPlay":false,"sceneViewState":{"m_AlwaysRefresh":false,"showFog":true,"showSkybox":false,"showFlares":true,"showImageEffects":true,"showParticleSystems":true,"showVisualEffectGraphs":true,"m_FxEnabled":true},"in2DMode":false,"pivot":{"x":0.6743606328964233,"y":1.6321594715118409,"z":-0.23717445135116578},"rotation":{"x":0.06286399811506272,"y":-0.6877751350402832,"z":0.059988342225551608,"w":0.720756471157074},"size":2.151581287384033,"orthographic":false}