{"cameraMode":{"drawMode":0,"name":"Shaded","section":"Shading Mode"},"sceneLighting":false,"audioPlay":false,"sceneViewState":{"m_AlwaysRefresh":false,"showFog":true,"showSkybox":false,"showFlares":true,"showImageEffects":true,"showParticleSystems":true,"showVisualEffectGraphs":true,"m_FxEnabled":true},"in2DMode":false,"pivot":{"x":-0.031285643577575687,"y":2.734107732772827,"z":-0.016144514083862306},"rotation":{"x":0.04022390767931938,"y":-0.959237277507782,"z":0.21440106630325318,"w":0.17991536855697633},"size":6.08791446685791,"orthographic":false}