{"cameraMode":{"drawMode":0,"name":"Shaded","section":"Shading Mode"},"sceneLighting":false,"audioPlay":false,"sceneViewState":{"m_AlwaysRefresh":false,"showFog":true,"showSkybox":false,"showFlares":true,"showImageEffects":true,"showParticleSystems":true,"showVisualEffectGraphs":true,"m_FxEnabled":true},"in2DMode":false,"pivot":{"x":3.9168858528137209,"y":-3.8876633644104006,"z":3.9973340034484865},"rotation":{"x":-0.006948928348720074,"y":-0.9811261296272278,"z":0.19011490046977998,"w":-0.035918429493904117},"size":6.364276885986328,"orthographic":false}