{"cameraMode":{"drawMode":0,"name":"Shaded","section":"Shading Mode"},"sceneLighting":false,"audioPlay":false,"sceneViewState":{"m_AlwaysRefresh":false,"showFog":true,"showSkybox":false,"showFlares":true,"showImageEffects":true,"showParticleSystems":true,"showVisualEffectGraphs":true,"m_FxEnabled":true},"in2DMode":false,"pivot":{"x":0.0000010728836059570313,"y":0.9812548160552979,"z":2.384185791015625e-7},"rotation":{"x":0.04022390767931938,"y":-0.959237277507782,"z":0.21440106630325318,"w":0.17991536855697633},"size":1.2278505563735963,"orthographic":false}