{"cameraMode":{"drawMode":0,"name":"Shaded","section":"Shading Mode"},"sceneLighting":false,"audioPlay":false,"sceneViewState":{"m_AlwaysRefresh":false,"showFog":true,"showSkybox":false,"showFlares":true,"showImageEffects":true,"showParticleSystems":true,"showVisualEffectGraphs":true,"m_FxEnabled":true},"in2DMode":false,"pivot":{"x":-1.8124998807907105,"y":3.2517504692077638,"z":-0.031213760375976564},"rotation":{"x":0.04022390767931938,"y":-0.959237277507782,"z":0.21440106630325318,"w":0.17991536855697633},"size":7.463522434234619,"orthographic":false}