{"cameraMode":{"drawMode":0,"name":"Shaded","section":"Shading Mode"},"sceneLighting":false,"audioPlay":false,"sceneViewState":{"m_AlwaysRefresh":false,"showFog":true,"showSkybox":false,"showFlares":true,"showImageEffects":true,"showParticleSystems":true,"showVisualEffectGraphs":true,"m_FxEnabled":true},"in2DMode":false,"pivot":{"x":0.06702876091003418,"y":0.9155257940292358,"z":-1.2154815196990967},"rotation":{"x":0.12766343355178834,"y":0.5604385137557983,"z":-0.08758358657360077,"w":0.8139622211456299},"size":1.2247449159622193,"orthographic":false}