{"cameraMode":{"drawMode":0,"name":"Shaded","section":"Shading Mode"},"sceneLighting":true,"audioPlay":false,"sceneViewState":{"m_AlwaysRefresh":false,"showFog":true,"showSkybox":true,"showFlares":true,"showImageEffects":true,"showParticleSystems":true,"showVisualEffectGraphs":true,"m_FxEnabled":true},"in2DMode":false,"pivot":{"x":-14.572044372558594,"y":1.5141457319259644,"z":-0.4641193151473999},"rotation":{"x":-0.026894666254520417,"y":0.8645418286323547,"z":-0.04645853489637375,"w":-0.5000397562980652},"size":8.678827285766602,"orthographic":false}