{"cameraMode":{"drawMode":0,"name":"Shaded","section":"Shading Mode"},"sceneLighting":true,"audioPlay":false,"sceneViewState":{"m_AlwaysRefresh":false,"showFog":true,"showSkybox":true,"showFlares":true,"showImageEffects":true,"showParticleSystems":true,"showVisualEffectGraphs":true,"m_FxEnabled":true},"in2DMode":false,"pivot":{"x":15.311251640319825,"y":1.764365315437317,"z":28.029695510864259},"rotation":{"x":0.08779213577508927,"y":0.7260400652885437,"z":-0.09055648744106293,"w":0.6779893636703491},"size":0.7782176733016968,"orthographic":false}