{"cameraMode":{"drawMode":0,"name":"Shaded","section":"Shading Mode"},"sceneLighting":true,"audioPlay":false,"sceneViewState":{"m_AlwaysRefresh":false,"showFog":true,"showSkybox":true,"showFlares":true,"showImageEffects":true,"showParticleSystems":true,"showVisualEffectGraphs":true,"m_FxEnabled":true},"in2DMode":false,"pivot":{"x":3.3076207637786867,"y":1.3874841928482056,"z":10.611668586730957},"rotation":{"x":0.12746204435825349,"y":0.4259561598300934,"z":-0.05997227504849434,"w":0.8940002918243408},"size":3.6247446537017824,"orthographic":false}