{"cameraMode":{"drawMode":0,"name":"Shaded","section":"Shading Mode"},"sceneLighting":true,"audioPlay":false,"sceneViewState":{"m_AlwaysRefresh":false,"showFog":true,"showSkybox":true,"showFlares":true,"showImageEffects":true,"showParticleSystems":true,"showVisualEffectGraphs":true,"m_FxEnabled":true},"in2DMode":false,"pivot":{"x":2.2925190925598146,"y":-22.72381019592285,"z":24.083873748779298},"rotation":{"x":-0.44599589705467226,"y":0.0003901031450368464,"z":0.001020709052681923,"w":-0.8953741192817688},"size":21.214311599731447,"orthographic":false}