{"cameraMode":{"drawMode":0,"name":"Shaded","section":"Shading Mode"},"sceneLighting":true,"audioPlay":false,"sceneViewState":{"m_AlwaysRefresh":false,"showFog":true,"showSkybox":true,"showFlares":true,"showImageEffects":true,"showParticleSystems":true,"showVisualEffectGraphs":true,"m_FxEnabled":true},"in2DMode":false,"pivot":{"x":17.26612091064453,"y":10.325019836425782,"z":15.836586952209473},"rotation":{"x":0.4155234098434448,"y":0.003483240492641926,"z":-0.0012311008758842946,"w":0.9098455905914307},"size":17.8763370513916,"orthographic":false}