{"cameraMode":{"drawMode":0,"name":"Shaded","section":"Shading Mode"},"sceneLighting":false,"audioPlay":false,"sceneViewState":{"m_AlwaysRefresh":false,"showFog":true,"showSkybox":false,"showFlares":true,"showImageEffects":true,"showParticleSystems":true,"showVisualEffectGraphs":true,"m_FxEnabled":true},"in2DMode":false,"pivot":{"x":0.0000011920928955078126,"y":1.999732494354248,"z":1.5000500679016114},"rotation":{"x":0.03577172011137009,"y":-0.9419143199920654,"z":0.10641539096832276,"w":0.31665173172950747},"size":2.5127131938934328,"orthographic":false}