{"cameraMode":{"drawMode":0,"name":"Shaded","section":"Shading Mode"},"sceneLighting":false,"audioPlay":false,"sceneViewState":{"m_AlwaysRefresh":false,"showFog":true,"showSkybox":false,"showFlares":true,"showImageEffects":true,"showParticleSystems":true,"showVisualEffectGraphs":true,"m_FxEnabled":true},"in2DMode":false,"pivot":{"x":-6.6809492111206059,"y":0.6401796936988831,"z":-13.40573501586914},"rotation":{"x":0.017532845959067346,"y":-0.9705870151519775,"z":0.0740959495306015,"w":0.22917260229587556},"size":9.939373016357422,"orthographic":false}