{"cameraMode":{"drawMode":0,"name":"Shaded","section":"Shading Mode"},"sceneLighting":false,"audioPlay":false,"sceneViewState":{"m_AlwaysRefresh":false,"showFog":true,"showSkybox":false,"showFlares":true,"showImageEffects":true,"showParticleSystems":true,"showVisualEffectGraphs":true,"m_FxEnabled":true},"in2DMode":false,"pivot":{"x":0.06605533510446549,"y":-3.461547613143921,"z":-13.662111282348633},"rotation":{"x":-0.005616733338683844,"y":-0.9830471277236939,"z":0.18162979185581208,"w":-0.03039976954460144},"size":9.939373016357422,"orthographic":false}