{"cameraMode":{"drawMode":0,"name":"Shaded","section":"Shading Mode"},"sceneLighting":false,"audioPlay":false,"sceneViewState":{"m_AlwaysRefresh":false,"showFog":true,"showSkybox":false,"showFlares":true,"showImageEffects":true,"showParticleSystems":true,"showVisualEffectGraphs":true,"m_FxEnabled":true},"in2DMode":false,"pivot":{"x":10.726621627807618,"y":1.4544005393981934,"z":0.0000019073486328125},"rotation":{"x":0.06477256864309311,"y":-0.9314635396003723,"z":0.29396525025367739,"w":0.20523713529109956},"size":7.1661763191223148,"orthographic":false}