{"cameraMode":{"drawMode":0,"name":"Shaded","section":"Shading Mode"},"sceneLighting":false,"audioPlay":false,"sceneViewState":{"m_AlwaysRefresh":false,"showFog":true,"showSkybox":false,"showFlares":true,"showImageEffects":true,"showParticleSystems":true,"showVisualEffectGraphs":true,"m_FxEnabled":true},"in2DMode":false,"pivot":{"x":-1.6804603338241578,"y":0.3266560733318329,"z":2.6038877964019777},"rotation":{"x":0.010560763999819756,"y":-0.939365565776825,"z":0.34204643964767458,"w":0.029011337086558343},"size":7.1661763191223148,"orthographic":false}