{"cameraMode":{"drawMode":0,"name":"Shaded","section":"Shading Mode"},"sceneLighting":false,"audioPlay":false,"sceneViewState":{"m_AlwaysRefresh":false,"showFog":true,"showSkybox":false,"showFlares":true,"showImageEffects":true,"showParticleSystems":true,"showVisualEffectGraphs":true,"m_FxEnabled":true},"in2DMode":false,"pivot":{"x":2.423400640487671,"y":0.7069413661956787,"z":1.196401596069336},"rotation":{"x":0.13086383044719697,"y":-0.8691348433494568,"z":-0.33492305874824526,"w":-0.33971157670021059},"size":2.1222498416900636,"orthographic":false}