{"cameraMode":{"drawMode":0,"name":"Shaded","section":"Shading Mode"},"sceneLighting":false,"audioPlay":false,"sceneViewState":{"m_AlwaysRefresh":false,"showFog":true,"showSkybox":false,"showFlares":true,"showImageEffects":true,"showParticleSystems":true,"showVisualEffectGraphs":true,"m_FxEnabled":true},"in2DMode":false,"pivot":{"x":1.500000238418579,"y":0.062499403953552249,"z":1.4999992847442628},"rotation":{"x":-0.072344571352005,"y":-0.9251190423965454,"z":0.22521354258060456,"w":-0.29714590311050417},"size":2.1222498416900636,"orthographic":false}