{"cameraMode":{"drawMode":0,"name":"Shaded","section":"Shading Mode"},"sceneLighting":false,"audioPlay":false,"sceneViewState":{"m_AlwaysRefresh":false,"showFog":true,"showSkybox":false,"showFlares":true,"showImageEffects":true,"showParticleSystems":true,"showVisualEffectGraphs":true,"m_FxEnabled":true},"in2DMode":false,"pivot":{"x":1.281293511390686,"y":1.9999942779541016,"z":1.718762993812561},"rotation":{"x":0.03577172011137009,"y":-0.9419143199920654,"z":0.10641539096832276,"w":0.31665173172950747},"size":3.1477956771850588,"orthographic":false}