{"cameraMode":{"drawMode":0,"name":"Shaded","section":"Shading Mode"},"sceneLighting":false,"audioPlay":false,"sceneViewState":{"m_AlwaysRefresh":false,"showFog":true,"showSkybox":false,"showFlares":true,"showImageEffects":true,"showParticleSystems":true,"showVisualEffectGraphs":true,"m_FxEnabled":true},"in2DMode":false,"pivot":{"x":0.2593351900577545,"y":0.7572967410087586,"z":1.5115662813186646},"rotation":{"x":0.03823357820510864,"y":-0.032936133444309238,"z":0.006166855338960886,"w":1.0001282691955567},"size":1.6810173988342286,"orthographic":false}